{
    "name": "majeng-dice",
    "title": "PS2 Majima Dice",
    "description": "PS2 Majima + Dice-So-Nice",
    "author": "Candle",
    "version": "0.1.1",
    "minimumCoreVersion": "0.7.0",
    "scripts": [
        "scripts/main.js"
    ],
    "dependencies":[
        {
            "name":"dice-so-nice",
            "manifest": "https://gitlab.com/riccisi/foundryvtt-dice-so-nice/-/raw/master/module/module.json"
        }
    ],
    "download": "https://github.com/HappyFurbFarms/PS2-Majima-Dice/raw/master/releases/download/0.1.1/module.zip",
    "manifest": "https://raw.githubusercontent.com/HappyFurbFarms/PS2-Majima-Dice/f038f45ea7a00f54981a33b5dffce8670f29eb57/module.json"
  }